Month,Sales,Profit,Transactions
24-Jan,10500,3000.0,450.0
24-Feb,11000,3500.0,480.0
24-Mar,12000,4000.0,520.0
24-Apr,13500,4500.0,560.0
24-May,14000,5000.0,590.0
24-Jun,15500,5800.0,620.0
24-Jul,16000,6200.0,650.0
24-Aug,17500,6800.0,700.0
24-Sep,18000,7000.0,720.0
24-Oct,19500,7800.0,750.0
24-Nov,21200,8740.295420974888,818.9364844903987
24-Dec,26221,11371.685081240767,986.2537075332348
